event,A,B,C
60 meter,58.015,11.5,1.81
100 meter,25.4347,18,1.81
200 meter,5.8425,38,1.81
400 meter,1.53775,82,1.81
1000 meter,0.08713,305.5,1.85
1500 meter,0.03768,480,1.85
60 meter horden,20.5173,15.5,1.92
110 meter horden,5.74352,28.5,1.92
Verspringen,0.14354,220,1.4
Hoogspringen,0.8465,75,1.42
Polsstokhoogspringen,0.2797,100,1.35
Speerwerpen,10.14,7,1.08
Discuswerpen,12.91,4,1.1
Kogelslingeren,13.0449,7,1.05
Gewichtwerpen,47.8338,1.5,1.05
Kogelstoten,51.39,1.5,1.05