event,A,B,C
TRACK_60,46.0849,13,1.81
TRACK_100,17.857,21,1.81
TRACK_200,4.99087,42.5,1.81
TRACK_400,1.34285,91.7,1.81
TRACK_800,0.11193,254,1.88
TRACK_1000,0.07068,337,1.88
TRACK_1500,0.02883,535,1.88
TRACK_60H,20.0479,17,1.835
TRACK_100H,9.23076,26.7,1.835
LONG_JUMP,0.188807,210,1.41
HIGH_JUMP,1.84523,75,1.348
POLE_VAULT,0.44125,100,1.35
DISCUS_THROW,12.3311,3,1.1
JAVELIN_THROW,15.9803,3.8,1.04
HAMMER_THROW,17.5458,6,1.05
WEIGHT_THROW,52.1403,1.5,1.05
SHOT_PUT,56.0211,1.5,1.05